wd:id,faa:code
Q8688,SFO
Q17567,SDL
Q127530,MIA
Q130864,SWF
Q175028,SYR
Q213717,ORD
Q319654,LGA
Q452290,MLU
Q493759,IWA
Q528578,VNY
Q576617,BLV
Q597021,DUG
Q597793,BCT
Q598817,BUR
Q619607,37AK
Q619959,SJS
Q649929,TYS
Q649964,MLC
Q650060,GHG
Q650075,MCB
Q650218,MYU
Q651188,ADK
Q651495,TYS
Q651607,BLF
Q651666,15Z
Q651887,TLR
Q652061,HQZ
Q652265,BFL
Q652272,MBS
Q652283,LUM
Q652505,DTW
Q652738,MMK
Q676576,DCA
Q735912,LSV
Q797442,MRB
Q847772,GSO
Q847779,ILM
Q865724,BHM
Q866831,MEM
Q912916,PHX
Q937590,ISP
Q939904,PPG
Q953843,YAK
Q1025454,JAN
Q1029543,AVQ
Q1135486,DAY
Q1137513,TNI
Q1147092,ROR
Q1156865,IND
Q1177897,DMA
Q1199087,SDF
Q1257667,GSN
Q1268666,DYS
Q1321656,VQS
Q1425838,STL
Q1430745,ALB
Q1431348,GYY
Q1431894,AAA
Q1432196,ORF
Q1432602,RST
Q1433080,TVC
Q1444431,TKO
Q1444500,MTW
Q1471549,OAJ
Q1528865,MUT
Q1570890,AMA
Q1575175,JRB
Q1578972,ABQ
Q1583022,MCF
Q1626991,SBD
Q1636887,CEF
Q1654155,UBE
Q1654308,BKW
Q1654486,TNT
Q1654627,BVI
Q1654709,UKL
Q1654898,SJX
Q1654907,DGL
Q1654955,BMT
Q1654969,COE
Q1654971,DHT
Q1655177,CRO
Q1655201,3DW
Q1655266,HDH
Q1655287,JQF
Q1655398,MKN
Q1655420,DKB
Q1655506,COQ
Q1655525,CTY
Q1655681,DED
Q1655815,MIE
Q1655853,AKO
Q1655919,X95
Q1656069,DEE
Q1656327,BBD
Q1656460,AK23
Q1656746,RPB
Q1656893,DGW
Q1656899,CLF
Q1657104,DFI
Q1657236,CFV
Q1657258,CAE
Q1657287,BLI
Q1658297,CJX
Q1658303,DLO
Q1658451,AEG
Q1707663,CHK
Q1707744,DSV
Q1708005,DCY
Q1708040,FCI
Q1708129,CPK
Q1708338,JHW
Q1708361,DCR
Q1708371,DCM
Q1708812,DAB
Q1781135,KOA
Q1835609,YKN
Q1836114,CDR
Q1836163,CNU
Q1837682,CIK
Q1857178,RIC
Q1940767,SZL
Q1941464,BFM
Q1961079,TVK
Q1961288,CDC
Q1962346,CEA
Q1972210,NTD
Q2060338,HOM
Q2065880,ANB
Q2087441,VRB
Q2088517,DVT
Q2213419,HSV
Q2257760,ALW
Q2264909,HPY
Q2268242,MTC
Q2505424,JNU
Q2560021,LTS
Q2694607,BMC
Q2720229,FAT
Q2750047,BTV
Q2787766,WDR
Q2789600,DLL
Q2875740,CRW
Q2876017,ACB
Q2876019,ILG
Q2876097,CHN
Q2900561,TMT
Q2901334,VER
Q2901500,ARR
Q2901589,ATS
Q2901606,OXB
Q2901709,ASE
Q2901720,JVM
Q2901783,LEW
Q2901892,AGS
Q2901911,OKM
Q2901938,EDC
Q2901946,ATK
Q2902409,OSU
Q2902472,OKB
Q2902514,ADT
Q2902568,JBR
Q2902633,JST
Q2903358,PTS
Q2903428,JMS
Q3014726,NXX
Q3015083,TYQ
Q3015462,NZC
Q3015953,NQX
Q3015988,AXV
Q3016189,IDL
Q3016218,EOS
Q3016266,IIB
Q3016323,NFD
Q3016331,EED
Q3016367,NFW
Q3016436,IDP
Q3016981,NSI
Q3017107,NGS
Q3017621,IMM
Q3084717,BGD
Q3084862,UTS
Q3084957,HLA
Q3084992,HHG
Q3085442,IDA
Q3087341,ROI
Q3100400,SSC
Q3206591,HUL
Q3206803,CMX
Q3206987,TME
Q3207011,HVC
Q3207021,SPX
Q3207043,HCA
Q3207085,S09
Q3207504,HUS
Q3207581,CHU
Q3246610,EUG
Q3273948,GDM
Q3273975,FFT
Q3273981,AK7
Q3274015,GLR
Q3274144,EHM
Q3274191,CNH
Q3274270,CDK
Q3274280,GLE
Q3274307,GBG
Q3274424,GTU
Q3274656,MGE
Q3274675,GGE
Q3274788,AQY
Q3274932,GWW
Q3275259,GCK
Q3275418,CZN
Q3275497,CNY
Q3305748,VPS
Q3357652,FMH
Q3373000,SQL
Q3456916,SVW
Q3457490,AZO
Q3497392,END
Q3499338,BKF
Q3536484,ROW
Q3545147,LNK
Q3545149,IFP
Q3564872,MYJ
Q3564966,MLS
Q3565049,WNA
Q3565088,MDO
Q3565192,APC
Q3565201,OXD
Q3565235,MGC
Q3565247,NUQ
Q3565269,GLH
Q3565405,NRC
Q3565435,MWL
Q3565466,MIO
Q3565652,PKB
Q3565926,ASH
Q3566217,IER
Q3566237,VTN
Q3566249,RVL
Q3566367,MOD
Q3566501,MKK
Q3612524,MRY
Q3813448,HRO
Q3813451,BUY
Q3813462,3U3
Q3813472,CCB
Q3813478,HAO
Q3813491,CSB
Q3813526,CRS
Q3813536,CXL
Q3813568,FWB
Q3813570,BYI
Q3813582,BWG
Q3813585,HQM
Q3813739,OEB
Q3850219,NRR
Q3885976,VGC
Q3886062,HTH
Q3886078,HRR
Q3886101,HAY
Q3886683,HJO
Q3886707,MWK
Q3886737,PHT
Q3886782,HBG
Q3887175,ARB
Q3887196,MNZ
Q3887205,HRJ
Q3887224,PTN
Q3887288,TMA
Q3887920,IOB
Q3887968,AQW
Q3888046,MDT
Q3888218,MBO
Q3888248,HMT
Q3913349,GDB
Q3913407,CKC
Q3913713,GCY
Q3913939,GNI
Q3914014,GSZ
Q3914054,GCN
Q3914081,GLD
Q3914227,ROC
Q3914246,GXY
Q3914326,LWB
Q3914547,BGM
Q3914582,HGR
Q4063625,AAT
Q4072965,AKK
Q4107142,VEE
Q4126994,WRG
Q4210326,KLG
Q4210329,KAL
Q4219001,Z09
Q4221052,IIK
Q4222493,KKB
Q4222788,AQC
Q4227896,JZZ
Q4242688,ELM
Q4274769,RBY
Q4328379,EWU
Q4389818,RMP
Q4391335,RSH
Q4392064,DGG
Q4404253,SVA
Q4407485,SDP
Q4409160,WSN
Q4454235,TER
Q4454597,TKE
Q4459336,TOG
Q4459632,OOK
Q4699331,AIT
Q4720986,AXN
Q4724319,AXA
Q4773159,ANY
Q4788207,ADM
Q4792374,AWO
Q4850534,MLJ
Q5305340,LOR
Q5317482,POU
Q5330354,PDT
Q5363880,EKX
Q5364306,ZEF
Q5368417,ELO
Q5378895,WDG
Q5382374,EPH
Q5388261,PCW
Q5398357,ESF
Q5416968,UCY
Q5430267,LHQ
Q5430331,FWC
Q5430598,FRM
Q5439010,FYE
Q5439057,FYM
Q5449983,FDY
Q5453024,FFA
Q5456581,RIR
Q5463377,FCM
Q5468824,FXY
Q5470447,FCY
Q5472005,FSK
Q5472402,FTW
Q5472409,FWS
Q5473883,FZI
Q5482369,FOK
Q5490798,FKS
Q5607374,GNF
Q5608629,PBF
Q5611421,GMJ
Q5667966,PHD
Q5713186,HNZ
Q5807775,VGT
Q6129037,TMK
Q6350082,JRF
Q6372624,KYK
Q6383444,CKA
Q6413305,LMT
Q6415430,PGR
Q6415839,IRK
Q6442992,LKK
Q6456550,OLF
Q6456919,PMD
Q6460740,LGC
Q6463288,LHX
Q6476111,HII
Q6480900,LLU
Q6492168,LRU
Q6500973,LUX
Q6501827,MEB
Q6504207,MWC
Q6511111,LEB
Q6548793,AOH
Q6550979,LHM
Q6551290,IPJ
Q6586790,PHF
Q6586952,RRT
Q6587079,PNS
Q6588328,HTS
Q6588731,6K8
Q6588762,XSA
Q6649964,LXL
Q6666913,LGU
Q6706115,LYV
Q6728062,MDS
Q6730879,TWF
Q6745883,MMH
Q6902232,EFT
Q6981199,AK62
Q7005636,BAZ
Q7012189,ULM
Q7049256,5NN
Q7051088,OFK
Q7055970,ORK
Q7058055,EDE
Q7061633,OWD
Q7087140,OLV
Q7093673,UCA
Q7099535,ORC
Q7104057,ORB
Q7110023,OTM
Q7115707,OXR
Q7124239,FMY
Q7128503,PAO
Q7156510,PXK
Q7161603,PLN
Q7163487,CKZ
Q7170441,TDF
Q7171665,O69
Q7178368,MPJ
Q7186971,A39
Q7192417,PIR
Q7195323,IEN
Q7195508,24S
Q7201466,PCM
Q7206532,MPO
Q7231409,POV
Q7231618,VPZ
Q7231859,TTD
Q7271992,UIL
Q7272181,UIN
Q7288261,PNA
Q7291126,RIU
Q7306283,HUA
Q7349480,RKR
Q7354462,UZA
Q7360953,VIH
Q7363010,REO
Q7383826,RYN
Q7396997,MHR
Q7404650,SNS
Q7404695,SUZ
Q7406176,SAS
Q7414748,SBP
Q7414773,ALS
Q7416157,SHN
Q7419700,SMX
Q7419921,SXU
Q7427403,ANJ
Q7428734,HYR
Q7430185,SPB
Q7439166,SCB
Q7441751,SRC
Q7447213,11S
Q7492269,SBM
Q7493349,SBX
Q7494187,SHD
Q7499376,SAA
Q7502965,SOW
Q7511619,FHU
Q7537122,SKW
Q7537734,RCM
Q7568530,SGS
Q7568960,ISW
Q7580857,ASG
Q7587517,SET
Q7596652,RMN
Q7615490,STE
Q7617308,SWO
Q7619608,SRV
Q7624834,WLD
Q7637765,UMM
Q7638066,SMS
Q7639158,HSD
Q7648830,SVE
Q7660543,SCD
Q7694819,TSP
Q7697191,MQW
Q7707719,LBX
Q7795723,THM
Q7838426,PQL
Q7853099,UTA
Q7853522,TUP
Q7878301,UKI
Q7894481,UOX
Q7914015,LMO
Q7919997,VNC
Q7921938,VEL
Q7926998,VCT
Q7958858,ACT
Q7959165,ADC
Q7959832,AHQ
Q7960223,AK03
Q7962246,JFX
Q7963657,ARG
Q7970137,RNC
Q7970906,ASW
Q7971382,ACQ
Q7974545,WVL
Q7974751,JWG
Q7981690,LWL
Q7982550,ENV
Q7987017,WWR
Q7987690,RHP
Q7990721,ARM
Q7992309,HLG
Q8017265,OWP
Q8022445,WLW
Q8023841,BGF
Q8025488,INK
Q8048097,HDN
Q8051984,WYS
Q8058641,YNG
Q8065952,TOA
Q8069328,ZPH
Q8190680,PIH
Q10845754,EFK
Q10847328,LWV
Q10848525,TYL
Q10849047,MVM
Q10849322,MJX
Q10851492,LBT
Q10852022,LGF
Q10852050,FSI
Q10852272,APG
Q10853401,SSI
Q10853415,RBG
Q10853515,SGR
Q10853559,HAF
Q10858364,IXD
Q11763993,LGD
Q14683909,SZN
Q14688070,SLO
Q14688952,CSQ
Q14704571,JDN
Q14707885,SUT
Q14708401,BVO
Q14709550,MAO
Q14710471,GDJ
Q14711072,OSA
Q14714413,BDJ
Q14714581,PKF
Q14714604,OLG
Q14714613,TKV
Q16900867,UUV
Q18153750,GGP
Q18155175,OVO
Q18604507,DLZ
Q19985418,ADW
Q20743711,CXW
P240,a
Q8685,JFK
Q24893,EHA
Q217563,EDW
Q255637,AVP
Q290929,FAY
Q330015,DEN
Q387593,BIS
Q388563,XNA
Q428353,GZS
Q459096,DFW
Q461492,VBG
Q466786,EWR
Q466835,IAD
Q476480,TEW
Q512128,PHL
Q515522,TUL
Q531178,HNL
Q555412,JSY
Q571536,TPA
Q584359,AKN
Q597755,DZJ
Q597859,BIF
Q597869,BDG
Q598252,ZUN
Q613569,DAL
Q619602,VBT
Q619642,UDD
Q619651,BGQ
Q619997,BET
Q620037,BYS
Q620090,CPX
Q649119,MMI
Q649779,HAB
Q649841,MCZ
Q651940,LDM
Q652201,FLP
Q652208,HOT
Q652649,IAB
Q652794,MCG
Q671475,BOS
Q681505,HMN
Q744748,IAH
Q772391,COS
Q787782,PVD
Q808307,BAD
Q812921,BAB
Q853886,LAS
Q915657,BZN
Q917528,GEG
Q929859,MCO
Q934833,ORS
Q949831,ONT
Q954097,CAK
Q956022,GFA
Q1029749,MAI
Q1030442,NYL
Q1030738,NCA
Q1030802,MGG
Q1031183,NBC
Q1031279,NFG
Q1031391,MRF
Q1048131,CPR
Q1148619,STT
Q1192962,RDU
Q1230410,COF
Q1270197,CVX
Q1320523,SPI
Q1398381,DRO
Q1407551,MUO
Q1416857,SKF
Q1420178,PTY
Q1420233,BDL
Q1430662,CMI
Q1430885,ACY
Q1430913,AUS
Q1431106,CDB
Q1431295,FAI
Q1431712,ISO
Q1432440,CMH
Q1432470,PWM
Q1432789,SAV
Q1433138,DUT
Q1433469,AKP
Q1510001,GRR
Q1513045,SKA
Q1528850,MBT
Q1629309,MLI
Q1653996,CYW
Q1654064,CLK
Q1654076,LOL
Q1654299,MTO
Q1654437,PDK
Q1654467,GYH
Q1654629,EYF
Q1654771,NV65
Q1654833,JVY
Q1654984,CKF
Q1655133,CSG
Q1655209,FGU
Q1655238,DLS
Q1655311,MIC
Q1655407,CGC
Q1655449,CLP
Q1655643,CAV
Q1655743,CLW
Q1655745,CLF
Q1655797,CWI
Q1655839,CWS
Q1656106,DVL
Q1656124,CXF
Q1656133,DYA
Q1656166,DHN
Q1656177,CEC
Q1656475,CKN
Q1656721,HYW
Q1656825,BAK
Q1656882,DYL
Q1657084,RNV
Q1657089,CAO
Q1657224,BTY
Q1657436,CPC
Q1657494,DEW
Q1657858,DET
Q1658139,TPL
Q1658283,CGA
Q1658511,IBN
Q1675277,ITH
Q1692316,SNA
Q1707737,DWH
Q1707887,DVN
Q1707959,JSO
Q1708023,DXR
Q1708066,CQW
Q1708084,MKO
Q1708272,CHA
Q1708314,EXX
Q1708348,BGE
Q1708497,SCC
Q1708523,CIC
Q1708542,KCL
Q1708570,KCG
Q1708583,CWF
Q1708587,C05
Q1708629,DNN
Q1709052,GDV
Q1709070,DNL
Q1754749,JAC
Q1784194,LRF
Q1836085,WCR
Q1836302,EQY
Q1946339,MXO
Q1961124,TSO
Q1961164,OWK
Q1962462,BMI
Q1962553,MER
Q1962633,CNM
Q1984520,IAG
Q2060296,KFP
Q2060909,AFM
Q2060917,ENM
Q2061620,KWF
Q2061631,PSG
Q2076613,KTN
Q2187683,CVS
Q2264860,BDE
Q2264870,BAM
Q2264945,BVX
Q2276582,BQN
Q2304806,BEH
Q2502241,OME
Q2546471,HHI
Q2550620,PSP
Q2625576,VAD
Q2744821,ABI
Q2750364,TXK
Q2785389,PAH
Q2788148,BNG
Q2788436,BNL
Q2788470,HYA
Q2789540,BOW
Q2791930,EDN
Q2863339,AYX
Q2875716,BFI
Q2875753,ABY
Q2875766,EYE
Q2875880,UUU
Q2875926,SUX
Q2876027,HPN
Q2876107,ABR
Q2900701,JLN
Q2901193,HZY
Q2901208,JOT
Q2901232,DEQ
Q2901510,RAC
Q2901528,ACJ
Q2901636,OJC
Q2901640,ADU
Q2901648,AUG
Q2901686,AVO
Q2901736,AUH
Q2901886,JVW
Q2902372,VLL
Q2902459,BKE
Q2902527,AHN
Q2902562,OGD
Q2902840,AUN
Q2931169,CCY
Q3014528,AFK
Q3014736,OUL
Q3015001,UMP
Q3015060,VCB
Q3016279,NZW
Q3016361,NOG
Q3016678,IPL
Q3017086,NUC
Q3017348,NFL
Q3029774,AAP
Q3084752,GIC
Q3085060,HON
Q3085119,SVN
Q3085740,ILI
Q3206656,HDO
Q3206812,CVH
Q3206832,HOE
Q3273947,LUR
Q3273953,GNV
Q3274027,IWD
Q3274034,HBR
Q3274043,JAU
Q3274201,STF
Q3274238,CIU
Q3274245,CNO
Q3274538,AXQ
Q3274552,HOP
Q3274631,JYM
Q3274732,AIV
Q3274738,HEI
Q3274842,GGW
Q3274856,CXY
Q3275007,LUK
Q3275011,GVQ
Q3275347,FNR
Q3275472,EQA
Q3275504,SEE
Q3275605,HKY
Q3275622,RIL
Q3275656,HOC
Q3275769,UVA
Q3298050,SLI
Q3385055,BRO
Q3456412,GTF
Q3495884,FAQ
Q3497401,PSC
Q3545131,EVY
Q3545563,SAF
Q3564924,BPI
Q3564949,MLT
Q3565039,MEV
Q3565237,NSE
Q3565266,GZH
Q3565276,NDZ
Q3565309,KEB
Q3565482,HFJ
Q3565547,MSO
Q3565556,MHE
Q3565893,RCT
Q3565917,MCN
Q3565953,DPG
Q3566230,LHW
Q3566301,MOT
Q3611999,MVC
Q3612301,SOP
Q3612309,AYE
Q3612935,MGM
Q3734163,GAL
Q3813391,BNO
Q3813397,OQN
Q3813404,BDU
Q3813482,PKV
Q3813531,BPP
Q3813569,LOU
Q3813571,RZN
Q3813573,CBG
Q3813575,ELN
Q3813595,CPU
Q3813597,CMA
Q3813757,CDI
Q3813760,BTP
Q3822466,RUQ
Q3884843,HZL
Q3884853,OFP
Q3885393,KHES
Q3885964,HYS
Q3886005,BXK
Q3886228,ASL
Q3886411,PIM
Q3886454,KWA
Q3886640,VSF
Q3886700,MOS
Q3886768,MPZ
Q3886916,HEY
Q3887184,HWD
Q3887239,BWD
Q3887628,EHR
Q3887778,BHB
Q3888006,BFK
Q3888019,FRN
Q3888160,BQR
Q3888234,BDQ
Q3888255,BED
Q3888265,HVS
Q3888513,GEO
Q3913646,MWH
Q3913849,GNU
Q3913914,CBE
Q3914065,GMU
Q3914102,GCD
Q4059477,AKI
Q4062541,6A8
Q4066670,ANN
Q4160121,JAQ
Q4184618,KZB
Q4218955,AFE
Q4230434,DUY
Q4245564,AQH
Q4254651,2A3
Q4275729,MCD
Q4280545,MBA
Q4321802,WTK
Q4334073,KOY
Q4387053,BYH
Q4421313,SGY
Q4421544,SCM
Q4442567,SVS
Q4455651,HIB
Q4459440,TKJ
Q4461161,KTB
Q4519296,SHX
Q4530707,EXI
Q4531391,EMT
Q4536620,CYT
Q4568758,SAW
Q4663947,IYA
Q4678286,ADH
Q4697516,ANW
Q4711466,SPG
Q4734800,APN
Q4737627,AVK
Q4829102,39G
Q4844692,OMK
Q5071182,CQB
Q5105383,CII
Q5126351,GCM
Q5182844,RSV
Q5316021,DPL
Q5325239,EGV
Q5328540,HTO
Q5329522,GGG
Q5330472,IZG
Q5330867,ESW
Q5362585,ECG
Q5364362,EKO
Q5365414,LUG
Q5368397,ELY
Q5374403,EMP
Q5388328,EIK
Q5392664,PRC
Q5408306,MAZ
Q5430332,FFL
Q5432482,INL
Q5432665,HZR
Q5442691,SFF
Q5444795,SIG
Q5448864,FOM
Q5455431,FIT
Q5456948,XFL
Q5464966,FLD
Q5471471,FXE
Q5472062,FSM
Q5491432,FSO
Q5491719,FKN
Q5501026,SER
Q5501605,FFX
Q5501832,FRH
Q5508413,USE
Q5596366,GGF
Q5608843,SKY
Q5608857,RME
Q5622848,GUY
Q5623667,LZU
Q5656994,HAD
Q5659192,TNX
Q5680398,HSI
Q5796729,RTS
Q6117009,JXN
Q6117280,MJQ
Q6390879,TKX
Q6391320,ENW
Q6417405,ITR
Q6420042,IKG
Q6423662,DKX
Q6435311,SJN
Q6435330,JTC
Q6475279,LCH
Q6475373,LCQ
Q6475487,LKV
Q6503947,HTW
Q6504408,LWM
Q6507214,LRJ
Q6512829,LXT
Q6516447,LEE
Q6521132,SMN
Q6537129,LOT
Q6537435,LWT
Q6587665,GLS
Q6587871,TLJ
Q6588039,HEE
Q6588049,TSG
Q6588251,TTN
Q6588332,ANQ
Q6588743,TOC
Q6604130,CDN
Q6605375,EUF
Q6607209,SUA
Q6669752,LOZ
Q6678739,LPR
Q6684215,LSR
Q6704903,LUA
Q6724863,MAC
Q6728056,IMS
Q6742784,MAW
Q6747022,HEF
Q6825484,CEV
Q6879105,CHQ
Q6908302,MDF
Q7005468,EWB
Q7011267,PSK
Q7011545,EVB
Q7018922,ONP
Q7035731,FSP
Q7054020,XNO
Q7056318,HWO
Q7060119,EVU
Q7071883,OEA
Q7071965,CSL
Q7085299,OLD
Q7088975,OLM
Q7094844,ONO
Q7106435,OSC
Q7108228,FZY
Q7142269,PRB
Q7155350,PVJ
Q7158227,LVJ
Q7161913,PMB
Q7163354,PEO
Q7176199,TPF
Q7183231,TOP
Q7199486,PSF
Q7229169,GFD
Q7230474,PAK
Q7231412,A14
Q7231510,PRZ
Q7231705,PTV
Q7235399,PTW
Q7272858,OQU
Q7300558,RDG
Q7305240,RGK
Q7305623,RDD
Q7323021,RPD
Q7326645,SUW
Q7339802,ROA
Q7341122,RQB
Q7352987,RBM
Q7355390,SIF
Q7355853,RWI
Q7359323,ROG
Q7359801,FOT
Q7366227,RCP
Q7367542,CRX
Q7370065,FWQ
Q7380932,RFI
Q7380935,RCX
Q7383505,RUT
Q7404634,SLN
Q7404846,SBY
Q7419789,SMO
Q7419824,SZP
Q7419977,IZA
Q7427191,NUN
Q7445110,DMO
Q7458171,SWD
Q7494587,PWD
Q7494882,SHR
Q7495138,FLV
Q7495217,SWI
Q7513638,SIK
Q7513895,BDR
Q7515833,BFW
Q7533754,BVS
Q7537831,ILE
Q7537959,BTF
Q7540369,ASD
Q7545285,INT
Q7559817,SMQ
Q7569353,BRL
Q7570634,JVL
Q7570865,UXL
Q7575944,MUL
Q7580920,SGF
Q7587633,STC
Q7589731,FPR
Q7597895,HHW
Q7600233,JHN
Q7607603,HSA
Q7629055,TWT
Q7636564,SLR
Q7671738,CNW
Q7675571,TQH
Q7681680,3FD1
Q7688795,TAN
Q7689919,AAS
Q7689921,MDZ
Q7703348,HUF
Q7788167,ALX
Q7831802,TCY
Q7831803,TKC
Q7848340,TCS
Q7851193,TCC
Q7909455,VLD
Q7921606,DNV
Q7927693,VDI
Q7945615,DBN
Q7970669,HWY
Q7973904,OXC
Q7975206,PCZ
Q7980382,EYQ
Q7981444,EGT
Q7984430,ETB
Q7987415,WST
Q7988098,BFF
Q7989534,CEF
Q7998131,SPS
Q8001635,PWA
Q8019116,LHV
Q8021256,SDC
Q8032379,OBI
Q8034218,ORH
Q8061037,2V6
Q8062867,CRT
Q8066147,ZZV
Q8068762,PJC
Q10844839,VDF
Q10845575,OR16
Q10849494,RED
Q10850476,SPZ
Q10850860,LAM
Q10851312,RKW
Q10851351,SGU
Q10851475,LAA
Q10851659,RAW
Q10851709,LNN
Q10851748,PNN
Q10853392,ARV
Q10853404,GVT
Q10853421,UGN
Q10853544,EOE
Q10853689,DWA
Q10853772,NV11
Q10858096,GOO
Q10860388,BKH
Q12693047,MM2M
Q14679941,7AK
Q14688680,UWL
Q14688914,MCX
Q14688955,DNS
Q14693491,AOV
Q14704423,LRY
Q14705034,JYR
Q14709479,AIK
Q14709649,DYB
Q14709770,MKA
Q14710416,CPT
Q14710467,NGT
Q14712918,MKJ
Q14713460,BCB
Q14714447,HXF
Q14714557,DAF
Q14714559,VIQ
Q14714590,PBH
Q15221313,GAS
Q15964466,BIE
Q16890449,RZR
Q16903467,CKI
Q17183470,TOR
Q19828268,LFI
Q20712230,CLS
Q59942,TTS
Q151121,CVG
Q180129,MHT
Q224558,NUW
Q259426,ORI
Q266448,PPO
Q278010,RBL
Q591028,FCH
Q591971,BGR
Q597000,MTV
Q597081,SPF
Q597366,HSE
Q597390,BCV
Q597483,BID
Q597484,HKA
Q597487,CEW
Q597631,SFB
Q597649,CLT
Q597840,BCK
Q597854,BKN
Q598642,TTK
Q619572,BVY
Q619579,BBB
Q619659,BTM
Q620032,BTT
Q620082,BML
Q632829,UAO
Q649221,MPG
Q649243,COI
Q649760,MVY
Q649827,SLE
Q649905,MSS
Q650081,BBP
Q650085,MZZ
Q650205,MFE
Q650215,MCW
Q650245,MTM
Q650346,MRI
Q650456,MCC
Q650767,CRQ
Q651629,HZE
Q651920,MEI
Q651986,KIC
Q652044,MMT
Q652112,MTN
Q652306,CDV
Q652578,PSE
Q652716,FLY
Q755023,DOV
Q767753,ANC
Q768542,ADW
Q771340,HOU
Q810875,BTR
Q816737,BDN
Q846321,OPF
Q875749,MSP
Q949049,MKC
Q980034,RND
Q1029503,NKX
Q1029739,DVO
Q1029948,OAR
Q1031195,MKY
Q1034428,CGI
Q1061437,MDW
Q1136355,GUM
Q1146451,LIH
Q1148639,EDF
Q1163183,CHS
Q1187633,GRO
Q1263279,DBQ
Q1284157,SRQ
Q1284174,PFN
Q1320543,HRL
Q1321158,EYW
Q1329887,TRI
Q1333923,SAN
Q1337719,EAT
Q1346991,LUF
Q1360523,SJU
Q1378785,HFS
Q1425566,PDX
Q1430971,BOI
Q1431204,DSM
Q1431719,ISM
Q1432146,BNA
Q1432481,PVC
Q1432595,LCK
Q1432668,SMF
Q1432706,SAT
Q1432990,TLH
Q1443677,MLY
Q1443693,MFD
Q1443713,MKT
Q1498314,PAM
Q1528445,MUI
Q1528649,EKA
Q1550227,LND
Q1554290,GPT
Q1627684,NGU
Q1653979,WBQ
Q1654478,FYV
Q1654494,CBF
Q1654495,CCA
Q1654606,DLC
Q1654666,RYY
Q1654675,CSM
Q1654696,PRX
Q1654801,ONX
Q1654817,HMZ
Q1654844,1H0
Q1654914,LBR
Q1655163,BST
Q1655179,DIJ
Q1655438,CVO
Q1655450,O60
Q1655467,CLR
Q1655493,VHN
Q1655634,CVN
Q1655661,TTF
Q1655921,DTL
Q1656040,AJO
Q1656056,BLG
Q1656078,KCC
Q1656096,EDJ
Q1656281,COT
Q1656573,AAO
Q1656909,CRP
Q1657006,BKL
Q1657051,DTA
Q1657067,FIG
Q1657072,CJR
Q1657143,CAG
Q1657197,TKI
Q1657653,CBM
Q1658500,ILN
Q1708031,SYF
Q1708048,LZD
Q1708248,DAA
Q1708320,PWK
Q1708392,CKX
Q1708576,AJC
Q1708634,CNI
Q1708644,DAN
Q1708682,UDG
Q1766303,GSB
Q1785757,MXF
Q1800390,NZY
Q1837643,CHO
Q1961086,ATU
Q1961094,VQQ
Q1961156,GRI
Q1961438,HZD
Q1961585,CWA
Q1962339,CXP
Q1962644,CGZ
Q1963044,VPC
Q1999664,TIK
Q2060150,ANV
Q2060348,AUK
Q2060559,AKA
Q2061650,OTZ
Q2061661,SHH
Q2061693,BRW
Q2061713,IYS
Q2061986,UBW
Q2075671,KDK
Q2131378,NRB
Q2231697,ANI
Q2318365,WRB
Q2479108,LUP
Q2502745,ENA
Q2517576,EPM
Q2577056,RDR
Q2667517,ADQ
Q2739991,PNE
Q2789542,DAG
Q2789750,BTI
Q2813736,BVU
Q2876031,GRB
Q2876075,PBG
Q2876092,MOP
Q2876108,AST
Q2876116,LAR
Q2876121,LFT
Q2876124,RAP
Q2876127,FSD
Q2900549,PTK
Q2900611,ASX
Q2900645,CEU
Q2901554,JWN
Q2901599,SWW
Q2901620,AIY
Q2901750,OGS
Q2901846,RVR
Q2902253,JEF
Q2902311,OCF
Q2902490,BPT
Q2903816,TRM
Q2949671,AOO
Q3014945,UTO
Q3015021,NRA
Q3015050,MQJ
Q3015070,ADK
Q3015471,AQT
Q3015527,NFE
Q3015597,IDI
Q3016422,CTK
Q3017076,NIP
Q3084565,HYG
Q3084586,IGG
Q3085034,BAX
Q3139697,HST
Q3206872,HPB
Q3207092,OOH
Q3207120,IGX
Q3207472,HNH
Q3273831,GPI
Q3273979,26AK
Q3274003,CDS
Q3274221,RCE
Q3274343,GLW
Q3274348,WWD
Q3274567,INJ
Q3274578,WJF
Q3274683,FTY
Q3274958,GQQ
Q3274977,GOP
Q3275021,HXD
Q3275053,GAB
Q3275291,GAM
Q3275315,FTG
Q3275353,CRC
Q3275395,LUL
Q3275452,AKH
Q3275693,GBN
Q3275700,GYB
Q3290458,RHI
Q3294586,ATW
Q3487295,YKM
Q3535488,CAR
Q3545151,SGU
Q3545435,EVV
Q3545566,FMN
Q3564838,HEZ
Q3565111,MRH
Q3565215,MBG
Q3565245,BLV
Q3565295,MHM
Q3565933,MIV
Q3566195,MLE
Q3566524,MAF
Q3612040,LLQ
Q3612603,BLM
Q3612649,MTP
Q3613096,BMG
Q3734883,KYU
Q3813435,CDA
Q3813484,BRD
Q3813498,BFD
Q3813500,EUL
Q3813540,KTS
Q3813555,CGE
Q3884906,HAX
Q3885200,HLN
Q3885970,HRU
Q3885980,BTN
Q3886037,HRI
Q3886095,MOU
Q3886198,PIB
Q3886398,BXM
Q3886580,HVR
Q3886790,BWP
Q3886796,KMY
Q3886801,TZR
Q3886884,HFD
Q3886900,BCE
Q3886977,BQK
Q3887134,MGR
Q3887136,XBP
Q3887604,SDM
Q3887633,HEG
Q3887650,CDH
Q3887719,MMU
Q3887722,HDI
Q3888108,BBW
Q3888181,HWV
Q3888204,LRO
Q3888275,ANK
Q3888527,RMY
Q3913284,GOV
Q3913365,GSW
Q3913377,GRE
Q3913410,CRE
Q3913789,IKK
Q3914083,CMR
Q3914110,GJT
Q3914257,GRD
Q3914282,AJR
Q3914445,GBD
Q3914544,CQF
Q3916534,EGE
Q4052780,VOK
Q4063554,AK15
Q4152880,GST
Q4225074,OBU
Q4250384,KWT
Q4312432,IKO
Q4312465,IGT
Q4327497,ORT
Q4342738,PAQ
Q4348258,PEC
Q4351722,PEV
Q4368993,KPB
Q4368996,PHO
Q4373189,AHP
Q4373193,KPY
Q4373194,PTH
Q4373196,PGM
Q4373199,1AK3
Q4381029,PPC
Q4407375,WSJ
Q4413435,WLK
Q4419082,SYB
Q4423475,SLQ
Q4452585,7KA
Q4475609,UNK
Q4479769,IWK
Q4479775,AWI
Q4480553,FVM
Q4522576,SXP
Q4531227,ELI
Q4531357,ELV
Q4647271,APH
Q4672683,MFV
Q4698439,ILN
Q4710695,AEL
Q4720016,AMT
Q4725933,ALI
Q4731515,BIG
Q4731808,ACP
Q4732076,XLL
Q4745842,AHH
Q4769888,ANE
Q4784140,RKP
Q4784205,37V
Q4805533,ASY
Q4816135,FFC
Q4906358,EKS
Q4992240,BJC
Q5054051,OLE
Q5134046,CTZ
Q5196195,CUH
Q5309984,DUJ
Q5309998,DPA
Q5312782,EGI
Q5330646,CLL
Q5352004,RQO
Q5363985,ELK
Q5364235,EKM
Q5430268,FDW
Q5431746,FFZ
Q5444566,FHB
Q5448852,FKA
Q5455422,FPK
Q5457039,FLG
Q5458559,FGX
Q5462388,GFL
Q5466516,MRN
Q5467650,IMT
Q5472154,FSU
Q5472378,AFW
Q5498613,FDR
Q5516830,GAG
Q5603843,WAY
Q5610546,ONZ
Q5610758,GON
Q5612117,GDY
Q5619280,GUC
Q5621789,GOK
Q5927971,ALO
Q6163922,RZL
Q6366427,JHM
Q6386977,EMM
Q6388881,TMB
Q6393032,EOK
Q6394435,ERV
Q6404273,CWC
Q6419636,LMT
Q6423552,RKD
Q6426598,9K2
Q6426762,OKK
Q6435348,PGA
Q6435403,KNB
Q6469287,FBK
Q6477376,LKP
Q6483107,LNS
Q6483109,LNC
Q6483153,LKR
Q6486173,AIG
Q6504407,LWC
Q6537416,LWS
Q6550603,1L1
Q6586764,OLS
Q6586969,CLM
Q6587748,NYL
Q6587978,TKA
Q6588126,TIW
Q6588336,PPF
Q6588341,CZG
Q6588352,ASJ
Q6588360,TDW
Q6588521,TVY
Q6588527,TNP
Q6588643,TDZ
Q6588676,OJA
Q6588700,TPH
Q6652959,LIU
Q6659643,OZW
Q6671351,O26
Q6693081,RBW
Q6708484,LYH
Q6712618,PLK
Q6724812,MQB
Q6727949,MDQ
Q6749699,MXA
Q6764077,NJM
Q6765135,APT
Q6772584,MQT
Q6981695,NEL
Q7006432,UCP
Q7016591,VTA
Q7054761,SFZ
Q7056982,GYI
Q7057821,GAD
Q7057892,SGJ
Q7058136,FVE
Q7059931,MSL
Q7071915,ONL
Q7116508,BPK
Q7126337,PSX
Q7127982,PHK
Q7128455,P16
Q7158801,PEQ
Q7163344,SEG
Q7169714,PXE
Q7169856,PRO
Q7182749,MPE
Q7190780,LQK
Q7193569,PBX
Q7193571,EOP
Q7197397,PQN
Q7205838,PMZ
Q7208071,AK71
Q7227441,PMP
Q7227574,PNC
Q7230790,GKJ
Q7238775,PTT
Q7244986,PNM
Q7252785,PVU
Q7253269,DCU
Q7268601,UKT
Q7289905,RNM
Q7293564,TIP
Q7304683,RDK
Q7323871,RMG
Q7327421,RVS
Q7330797,RCZ
Q7330918,RID
Q7338544,RAL
Q7353896,RPJ
Q7367579,HTL
Q7378230,RUG
Q7381916,RUE
Q7382550,RSN
Q7396985,SAC
Q7405011,JSV
Q7413035,BRY
Q7413267,SJT
Q7417651,SFM
Q7420109,MNI
Q7427836,SAV
Q7438166,CDD
Q7445369,SEZ
Q7449527,SRE
Q7461112,MIT
Q7490303,CVK
Q7491224,EZS
Q7491558,SNL
Q7508919,SDY
Q7511340,SRR
Q7545148,SMD
Q7546729,MQY
Q7566309,SBN
Q7567575,VAY
Q7571331,OTH
Q7571377,KLS
Q7572305,TIX
Q7573816,CMY
Q7580923,SGH
Q7589682,ALN
Q7600093,VUJ
Q7600226,SYN
Q7605416,SBS
Q7617479,SSF
Q7620637,L09
Q7636400,SIV
Q7636403,MSV
Q7649397,FWN
Q7680010,ASN
Q7697672,TEX
Q7783980,TVF
Q7795629,TVI
Q7808995,FME
Q7814190,DUH
Q7839706,LNR
Q7840076,LHZ
Q7852144,THA
Q7857843,NXP
Q7877718,UGB
Q7885600,MRT
Q7898398,UPP
Q7919553,FKL
Q7934312,VJI
Q7935607,VIS
Q7966003,DUC
Q7974507,RYV
Q7974510,ATY
Q7974901,WVI
Q7975160,UES
Q7976132,EKQ
Q7985422,IWS
Q7985888,AWM
Q7990248,CAD
Q7991891,HWQ
Q7991965,ETH
Q7992189,GTB
Q8010520,DDH
Q8021210,MWA
Q8022178,BDH
Q8022265,UUO
Q8024185,IJD
Q8025269,LOM
Q8025578,WMC
Q8025596,ICR
Q8027082,IWI
Q8028609,OSH
Q8032174,JDD
Q8051999,COD
Q8060109,MYV
Q10850887,CCO
Q10851438,LVS
Q10851499,XVG
Q10851736,PDC
Q10851768,PTD
Q10851873,EAR
Q10852431,VUO
Q10853302,ANP
Q10853391,SME
Q10853400,MAL
Q10853418,RNH
Q10853577,DYT
Q10853587,ELZ
Q10853596,UKF
Q10860392,WRI
Q10860401,SKF
Q11763516,EWK
Q14664640,SXQ
Q14686649,EZM
Q14688756,PLD
Q14688926,BNW
Q14688950,CRZ
Q14691843,GAO
Q14692549,CNB
Q14692752,DXX
Q14704430,MHL
Q14704732,LVM
Q14711026,TFP
Q14713962,EBD
Q14714476,MRJ
Q14714544,RRL
Q16890822,SBO
Q16891258,FES
Q16892446,HLR
Q16895081,JWY
Q16902401,SRB
Q18150423,FKR
Q18157382,IWH
Q20711147,CFJ
Q8731,LAX
Q14295,SEA
Q94895,BWI
Q214861,ATL
Q369185,LSE
Q372239,DTN
Q489736,PUW
Q491372,UAM
Q515748,SBA
Q526488,SLC
Q537950,MKE
Q555489,VVS
Q592206,AEX
Q597139,RNO
Q597590,LAN
Q597770,BPG
Q597815,BKT
Q597826,BLH
Q597891,CNK
Q597986,BUF
Q598164,IAN
Q598259,LEX
Q598269,BIL
Q605739,MYL
Q619575,MKS
Q619644,EKY
Q626985,OFF
Q635361,FLL
Q649195,MKL
Q650124,MNN
Q650231,MDM
Q650373,MAJ
Q650454,MPI
Q651720,MCE
Q652030,MLB
Q652039,INR
Q652055,MYK
Q652109,MMV
Q652193,MFI
Q652222,MEZ
Q722416,AVL
Q723248,CYS
Q730187,FFO
Q748515,AAF
Q749142,ANG
Q838219,PAE
Q841771,EFD
Q868994,LIT
Q919899,PVB
Q951163,STX
Q960480,RCA
Q969087,COS
Q982089,DLF
Q999280,TCM
Q1029695,NYG
Q1029760,NGF
Q1029871,HFF
Q1031594,NKT
Q1031829,RIV
Q1045919,BIX
Q1071990,RFD
Q1100795,CLE
Q1114128,MIB
Q1138771,SNP
Q1139087,EWN
Q1165584,OAK
Q1184874,ESC
Q1231062,ELP
Q1247541,DDC
Q1257392,SJC
Q1347672,OMA
Q1356892,HKS
Q1394215,NTU
Q1421504,PIT
Q1422799,APA
Q1430853,ACV
Q1430977,BBG
Q1431490,ITO
Q1431579,JAX
Q1431637,OGG
Q1431674,MCI
Q1431943,LGB
Q1432310,PBI
Q1432570,RDM
Q1433053,TEB
Q1433111,TUS
Q1444563,MBL
Q1461076,MSY
Q1499872,OKC
Q1500002,RSW
Q1520213,TCM
Q1528300,MYR
Q1528621,MKG
Q1528684,CEY
Q1584069,PIE
Q1627015,LBB
Q1638450,HRT
Q1654449,UNU
Q1654553,ADF
Q1654590,SUE
Q1654618,DQH
Q1654743,BJI
Q1654788,PVE
Q1654794,UBS
Q1654811,CLI
Q1654828,BEC
Q1654992,DTO
Q1655022,COU
Q1655063,EEN
Q1655227,CBK
Q1655461,CGF
Q1655488,CTB
Q1655515,PLB
Q1655585,OLU
Q1655652,LUD
Q1655771,CON
Q1655782,DTS
Q1655788,DRM
Q1655804,DMN
Q1655847,AZC
Q1655879,SEM
Q1655939,DEH
Q1656353,CKV
Q1656454,DRI
Q1656886,DIK
Q1656934,CPM
Q1657121,RBD
Q1657226,TOB
Q1657383,DRT
Q1657799,CEZ
Q1658007,CFD
Q1658047,INS
Q1658244,CKU
Q1658290,DLG
Q1658340,ARW
Q1707602,CYM
Q1707627,VAK
Q1707642,CQX
Q1707965,DKK
Q1708068,DEC
Q1708105,MGY
Q1708147,MQS
Q1708282,MQI
Q1708562,CFK
Q1708612,MSN
Q1708659,SLH
Q1709059,VES
Q1835459,LLJ
Q1835496,PGD
Q1835578,CHD
Q1836219,JZI
Q1837097,STS
Q1961100,GHM
Q1961366,CEM
Q1961450,PYP
Q1962354,CZK
Q1962678,DMW
Q1962745,AVX
Q2060188,2A9
Q2061612,TAL
Q2061642,KNW
Q2061683,VDZ
Q2062820,GFK
Q2063380,ISN
Q2097281,PGV
Q2165295,LAW
Q2261081,BIV
Q2264933,BYY
Q2304720,MDH
Q2359503,SGT
Q2368364,FHR
Q2699491,FAR
Q2722822,EIL
Q2784927,S05
Q2789706,BAF
Q2791859,EET
Q2792155,CMD
Q2828202,PMD
Q2875725,JKA
Q2875759,ABE
Q2900584,AUM
Q2900627,CUB
Q2900733,GEV
Q2901381,LXN
Q2901475,AUO
Q2901764,IKW
Q2902186,HBI
Q2902231,LBE
Q2902235,DWU
Q2902273,CIN
Q2902386,84OR
Q2902435,CRG
Q2902452,AFN
Q2902480,BHK
Q2902486,OBE
Q3014320,NRS
Q3014558,NID
Q3014982,INF
Q3015041,NHZ
Q3015575,JRF
Q3015859,IYK
Q3015963,NUL
Q3015976,GUM
Q3016364,NRQ
Q3016415,NRJ
Q3016831,ENN
Q3016844,ZNC
Q3017096,NBJ
Q3017125,NBG
Q3084258,VYS
Q3084732,HCD
Q3105846,HIF
Q3206602,HYL
Q3206823,HSR
Q3207060,DKR
Q3207537,AXH
Q3207571,HQG
Q3207615,HUM
Q3219935,LSF
Q3242002,HVN
Q3273819,EAU
Q3274156,9A3
Q3274303,L06
Q3274318,GCC
Q3274341,CZF
Q3274548,ISZ
Q3274601,HLC
Q3274607,FTK
Q3274636,PIA
Q3274722,CHP
Q3274796,GDW
Q3274904,GBH
Q3275084,GUP
Q3275436,XMR
Q3275467,GKT
Q3275535,GTR
Q3275630,GEU
Q3275758,SUN
Q3275806,RCR
Q3277758,DLH
Q3303234,ACK
Q3497425,SUU
Q3545127,GED
Q3565257,PKA
Q3565397,MDD
Q3565563,PSB
Q3565581,GPH
Q3565912,APF
Q3566209,MAN
Q3566212,MWO
Q3566546,MOB
Q3612046,JKJ
Q3612341,MOR
Q3612526,MYF
Q3612650,MGW
Q3612668,DUX
Q3612914,MNV
Q3634549,GKY
Q3661204,NBV
Q3813389,PWT
Q3813393,OZR
Q3813399,OVS
Q3813494,BMQ
Q3813503,RWV
Q3813544,BUU
Q3813588,BWC
Q3885914,HBZ
Q3885946,HAE
Q3886020,CFE
Q3886055,MGN
Q3886384,LHB
Q3886575,HNM
Q3886745,MVN
Q3886983,BOK
Q3886986,BVK
Q3887123,MNF
Q3887271,BKX
Q3887478,MVL
Q3887481,PVG
Q3887513,HND
Q3887666,ACZ
Q3888169,HDC
Q3888241,BKV
Q3888571,CCR
Q3913188,SVC
Q3913258,AMN
Q3913397,GRF
Q3913448,UNI
Q3913546,GTG
Q3913728,GWO
Q3913911,GPM
Q3914003,HNS
Q3914146,KGX
Q3914349,PMH
Q3914360,GLV
Q3914496,GSP
Q3914745,CFT
Q4059807,AKR
Q4060265,KQA
Q4060821,5A8
Q4062449,ALZ
Q4065224,AGN
Q4069478,ARC
Q4087670,BIH
Q4151735,GWR
Q4151856,GKN
Q4163723,KKA
Q4197362,EAA
Q4198986,KEK
Q4218665,GGV
Q4218956,KAE
Q4220005,KVL
Q4220734,KVC
Q4257451,LHD
Q4272488,MHK
Q4328065,D76
Q4368995,PIZ
Q4373203,KPR
Q4385298,TCL
Q4392062,RDV
Q4413448,SOV
Q4416304,PBV
Q4416324,SMK
Q4416330,KSM
Q4441417,WBB
Q4450606,TLT
Q4457810,TNC
Q4457889,TYE
Q4468436,WMO
Q4479820,KWP
Q4492014,FYU
Q4519591,2C7
Q4520157,SHG
Q4529769,EII
Q4647199,OKH
Q4671605,ARA
Q4681238,ADS
Q4682995,SLK
Q4690838,AFO
Q4698730,LVN
Q4705990,ALM
Q4712532,BVN
Q4732325,AIA
Q4737044,AXS
Q4742089,AHC
Q4745882,AMW
Q4754136,AID
Q4762736,LFK
Q4766024,IKV
Q4770716,AFP
Q4776383,ABO
Q4788200,1F0
Q4817173,AQR
Q5093452,SNC
Q5096213,CHK
Q5276921,DLN
Q5311064,DUB
Q5316250,DUA
Q5318578,DYR
Q5330836,ESN
Q5337188,PRG
Q5342836,MPV
Q5347039,EEK
Q5353435,MZJ
Q5388315,ERI
Q5399683,CDW
Q5430609,FMZ
Q5432417,FLX
Q5458780,CKM
Q5460764,FLO
Q5461496,MTH
Q5467244,FOE
Q5470978,FNL
Q5471716,FMM
Q5472295,FWA
Q5491397,UOS
Q5494106,1C9
Q5498444,FDK
Q5501608,FET
Q5587274,GSH
Q5609666,GUS
Q5642106,IXA
Q5642151,RZZ
Q5642669,LRD
Q5685135,RVN
Q5945065,HNB
Q5950696,HUT
Q5969271,UNV
Q6129080,SIT
Q6407413,GRK
Q6412811,IGM
Q6412943,LNL
Q6420011,AKW
Q6435175,SKX
Q6435212,RQE
Q6435374,INW
Q6435461,SAD
Q6468801,LCI
Q6475484,LXV
Q6477937,TVL
Q6482872,LNY
Q6487478,IGQ
Q6513675,GVL
Q6516440,JYO
Q6522297,ADG
Q6540690,LBL
Q6541690,LTY
Q6550980,LRG
Q6586746,ECP
Q6586946,ART
Q6587102,PSM
Q6588311,TRK
Q6588637,TOL
Q6647478,LJF
Q6651684,LLR
Q6661673,AQO
Q6671432,CXO
Q6671752,LNP
Q6682492,LSN
Q6694759,OIC
Q6696426,ERY
Q6727147,MAE
Q6727945,UYF
Q6793959,MRC
Q6800521,MCK
Q7040641,SHV
Q7054774,CKB
Q7056358,LBF
Q7058696,PQI
Q7099554,ORG
Q7099558,MGJ
Q7099677,ORE
Q7099792,OGB
Q7103082,ORL
Q7103442,OMN
Q7109214,OWI
Q7114750,OWB
Q7122349,PFC
Q7156900,PAN
Q7169753,TEL
Q7186890,GYR
Q7190784,JZP
Q7194446,PNP
Q7200322,PVF
Q7202342,PTU
Q7205833,PYM
Q7230479,TPO
Q7230551,KPC
Q7235037,VKX
Q7258455,PUB
Q7260984,LAF
Q7286914,TTA
Q7295896,RTN
Q7297030,RWL
Q7309935,RHV
Q7313554,RNT
Q7314385,FRG
Q7330611,RLD
Q7338685,RIW
Q7344223,PHH
Q7351984,SYL
Q7354338,RBE
Q7354696,RKS
Q7359556,MFR
Q7371276,RPX
Q7396353,EOD
Q7399266,HYX
Q7414816,HYI
Q7416524,SZT
Q7431153,SCH
Q7433093,ZER
Q7436926,SCX
Q7442826,SEF
Q7493350,EHO
Q7493435,GEZ
Q7493437,SYI
Q7493675,SSQ
Q7509249,SNY
Q7517995,FBG
Q7537658,37XA
Q7537738,DAW
Q7545150,SLG
Q7566004,ELD
Q7567819,TDO
Q7568644,EBG
Q7573929,SPA
Q7576139,SPW
Q7578005,SUS
Q7587565,PLR
Q7589453,OPL
Q7589613,CPS
Q7590573,OYM
Q7591245,STP
Q7604051,TBR
Q7616469,GZL
Q7618243,SCK
Q7620147,SLB
Q7624879,SUD
Q7626968,DVK
Q7634564,SFQ
Q7814821,CZL
Q7838592,TRX
Q7846908,TOI
Q7856724,CFS
Q7860129,TYR
Q7894506,EDU
Q7933774,BFR
Q7945760,BTL
Q7960117,MUE
Q7971757,AFJ
Q7975218,AUW
Q7975872,AYS
Q7976135,BJJ
Q7976824,TBN
Q7984216,JRA
Q7985208,CTJ
Q7986233,UNO
Q8002450,WBW
Q8021280,IPT
Q8026242,GIF
Q8564061,LBO
Q8564727,FOD
Q10847213,PHN
Q10850849,LKU
Q10851618,TNU
Q10851681,WRL
Q10853379,LDJ
Q10853394,LAL
Q10853412,RNP
Q10853423,PUJ
Q10853499,OKV
Q10853507,PRN
Q10853513,AGO
Q10853543,NEW
Q10853586,OUN
Q10853606,LNA
Q10853767,THV
Q14686677,JES
Q14687296,RXE
Q14689096,MEY
Q14689347,EBS
Q14691361,TZV
Q14691815,MNE
Q14691818,BQP
Q14706408,HTF
Q14709781,SUO
Q14712344,FRR
Q14713032,OMH
Q14713974,USW
Q14714482,OCQ
Q14714496,HBW
Q14714508,OEO
Q15204542,FNB
Q16890091,EZZ
Q17183502,UMT
Q17512669,RWN
Q17513537,GWB
Q18156936,ROS
Q18157113,OXI
